-- phpMyAdmin SQL Dump
-- version 4.7.4
-- https://www.phpmyadmin.net/
--
-- Servidor: localhost
-- Tiempo de generación: 12-12-2017 a las 04:34:01
-- Versión del servidor: 10.1.28-MariaDB
-- Versión de PHP: 7.1.11

SET SQL_MODE = "NO_AUTO_VALUE_ON_ZERO";
SET AUTOCOMMIT = 0;
START TRANSACTION;
SET time_zone = "+00:00";


/*!40101 SET @OLD_CHARACTER_SET_CLIENT=@@CHARACTER_SET_CLIENT */;
/*!40101 SET @OLD_CHARACTER_SET_RESULTS=@@CHARACTER_SET_RESULTS */;
/*!40101 SET @OLD_COLLATION_CONNECTION=@@COLLATION_CONNECTION */;
/*!40101 SET NAMES utf8mb4 */;

--
-- Base de datos: `online438_ociorders_local`
--

-- --------------------------------------------------------

--
-- Estructura de tabla para la tabla `josed_countries`
--

CREATE TABLE `josed_countries` (
  `country_id` varchar(4) NOT NULL,
  `country_name` varchar(100) NOT NULL
) ENGINE=InnoDB DEFAULT CHARSET=utf8;

--
-- Volcado de datos para la tabla `josed_countries`
--

INSERT INTO `josed_countries` (`country_id`, `country_name`) VALUES
('BAH', 'Bahamas'),
('BB', 'Barbados2'),
('BE', 'Belgium'),
('BM', 'Bermuda'),
('BO', 'Bolivia'),
('BR', 'Brazil'),
('BVI', 'British Virgin Islands'),
('BG', 'Bulgaria'),
('CA', 'Canada'),
('KY', 'Cayman Islands'),
('CL', 'Chile'),
('CN', 'China'),
('CO', 'Colombia'),
('CR', 'Costa Rica'),
('HR', 'Croatia'),
('CW', 'Curacao'),
('CY', 'Cyprus'),
('CZ', 'Czech Republic'),
('DK', 'Denmark'),
('X1', 'Dubai'),
('EC', 'Ecuador'),
('EG', 'Egypt'),
('SV', 'El Salvador'),
('EE', 'Estonia'),
('FI', 'Finland'),
('FR', 'France'),
('PF', 'French Polynesia'),
('DE', 'Germany'),
('GI', 'Gibraltar'),
('GR', 'Greece'),
('GT', 'Guatemala'),
('GG', 'Guernsey'),
('HK', 'Hong Kong'),
('HU', 'Hungary'),
('IS', 'Iceland'),
('AU', 'ii'),
('IN', 'India'),
('ID', 'Indonesia'),
('IE', 'Ireland'),
('IM', 'Isle of Man'),
('IL', 'Israel'),
('IT', 'Italy'),
('JM', 'Jamaica'),
('JP', 'Japan'),
('JE', 'Jersey'),
('KZ', 'Kazakhstan'),
('KW', 'Kuwait'),
('LR', 'Liberia'),
('LI', 'Liechtenstein'),
('LT', 'Lithuania'),
('LU', 'Luxembourg'),
('MY', 'Malaysia'),
('MT', 'Malta'),
('MH', 'Marshall Islands'),
('MU', 'Mauritius'),
('MX', 'Mexico'),
('MC', 'Monaco'),
('MA', 'Morocco'),
('NL', 'Netherlands'),
('NZ', 'New Zealand'),
('AI', 'nguilla'),
('NG', 'Nigeria'),
('NO', 'Norway'),
('OM', 'Oman'),
('PA', 'Panama'),
('PG', 'Papua New Guinea'),
('PE', 'Peru'),
('PH', 'Philippines'),
('PL', 'Poland'),
('PT', 'Portugal'),
('BH', 'ppBahrain'),
('PR', 'Puerto Rico'),
('QA', 'Qatar'),
('AR', 'rgentina'),
('RO', 'Romania'),
('AW', 'ruba'),
('RU', 'Russia'),
('SA', 'Saudi Arabia'),
('SG', 'Singapore'),
('SI', 'Slovenia'),
('ZA', 'South Africa'),
('KR', 'South Korea'),
('XAD', 'Soy muy Por hacer esto'),
('ES', 'Spain'),
('SE', 'Sweden'),
('CH', 'Switzerland'),
('TW', 'Taiwan'),
('TH', 'Thailand'),
('TR', 'Turkey'),
('TC', 'Turks and Caicos Islands'),
('GB', 'UK'),
('UY', 'Uruguay'),
('US', 'USA'),
('VN', 'Vietnam'),
('AT', 'Yo estube aqui');

-- --------------------------------------------------------

--
-- Estructura de tabla para la tabla `josed_document_types`
--

CREATE TABLE `josed_document_types` (
  `document_type_id` varchar(4) NOT NULL,
  `document_type_name` varchar(50) NOT NULL
) ENGINE=InnoDB DEFAULT CHARSET=utf8;

--
-- Volcado de datos para la tabla `josed_document_types`
--

INSERT INTO `josed_document_types` (`document_type_id`, `document_type_name`) VALUES
('CS', '10.0'),
('AA2', 'Annual Accounts/Financial Statement2'),
('ARP2', 'Annual Report2'),
('AR', 'Annual Return'),
('AOA', 'Articles of Association/Statutes'),
('CGS', 'Certificate of Good Standing'),
('COI', 'Certificate of Incorporation'),
('COR', 'Certificate of Registration'),
('CORE', 'Certificate of Registration English'),
('CON', 'Change of Name'),
('CR', 'Commercial Register'),
('CA', 'Company Appointments'),
('CC', 'Company Certificate'),
('CCE', 'Company Certificate English'),
('CE', 'Company Extract'),
('CEE', 'Company Extract English'),
('CP', 'Company Profile'),
('DHI', 'Delaware History Information'),
('LP6', 'Limited Partnership Amendment'),
('LP5', 'Limited Partnership Registration'),
('MAOA', 'Memorandum and/or Articles of Association'),
('MA', 'Mergers and Amalgamations'),
('REG', 'Register'),
('SH', 'Shareholders');

-- --------------------------------------------------------

--
-- Estructura de tabla para la tabla `josed_document_types_by_country`
--

CREATE TABLE `josed_document_types_by_country` (
  `document_type_id` varchar(4) NOT NULL,
  `country_id` varchar(4) NOT NULL,
  `delivery_time` varchar(10) DEFAULT NULL,
  `price` decimal(7,2) UNSIGNED DEFAULT NULL,
  `date_update` timestamp NOT NULL DEFAULT CURRENT_TIMESTAMP ON UPDATE CURRENT_TIMESTAMP
) ENGINE=InnoDB DEFAULT CHARSET=utf8;

--
-- Volcado de datos para la tabla `josed_document_types_by_country`
--

INSERT INTO `josed_document_types_by_country` (`document_type_id`, `country_id`, `delivery_time`, `price`, `date_update`) VALUES
('AA2', 'AT', '5 hours', '38.00', '2017-12-12 03:21:49'),
('AA2', 'AU', '5 hours', '38.00', '2017-12-12 03:21:49'),
('AA2', 'BE', '5 hours', '38.00', '2017-12-12 03:21:49'),
('AA2', 'CZ', '5 hours', '38.00', '2017-12-12 03:21:49'),
('AA2', 'DE', '5 hours', '38.00', '2017-12-12 03:21:49'),
('AA2', 'DK', '5 hours', '38.00', '2017-12-12 03:21:49'),
('AA2', 'EE', '5 hours', '38.00', '2017-12-12 03:21:49'),
('AA2', 'ES', '5 hours', '38.00', '2017-12-12 03:21:49'),
('AA2', 'FI', '5 hours', '38.00', '2017-12-12 03:21:49'),
('AA2', 'FR', '5 hours', '38.00', '2017-12-12 03:21:49'),
('AA2', 'GB', '5 hours', '38.00', '2017-12-12 03:21:49'),
('AA2', 'IE', '5 hours', '38.00', '2017-12-12 03:21:49'),
('AA2', 'IM', '5 hours', '38.00', '2017-12-12 03:21:49'),
('AA2', 'IT', '5 hours', '38.00', '2017-12-12 03:21:49'),
('AA2', 'JE', '5 hours', '38.00', '2017-12-12 03:21:49'),
('AA2', 'LT', '5 hours', '38.00', '2017-12-12 03:21:49'),
('AA2', 'LU', '5 hours', '38.00', '2017-12-12 03:21:49'),
('AA2', 'MY', '5 hours', '38.00', '2017-12-12 03:21:49'),
('AA2', 'NL', '5 hours', '38.00', '2017-12-12 03:21:49'),
('AA2', 'NO', '5 hours', '38.00', '2017-12-12 03:21:49'),
('AA2', 'NZ', '5 hours', '38.00', '2017-12-12 03:21:49'),
('AA2', 'PT', '5 hours', '38.00', '2017-12-12 03:21:49'),
('AOA', 'AI', '3 days', '150.00', '2017-12-12 03:28:48'),
('AOA', 'AU', '3 hours', '150.00', '2017-12-12 03:28:48'),
('AOA', 'BE', '3 hours', '150.00', '2017-12-12 03:28:48'),
('AOA', 'BG', '1 hour', '150.00', '2017-12-12 03:28:48'),
('AOA', 'BM', '3 hours', '150.00', '2017-12-12 03:28:48'),
('AOA', 'CH', '', '150.00', '2017-12-12 03:28:48'),
('AOA', 'DE', '1 hour', '150.00', '2017-12-12 03:28:48'),
('AOA', 'EE', '1 hour', '150.00', '2017-12-12 03:28:48'),
('AOA', 'FI', '1 hour', '150.00', '2017-12-12 03:28:48'),
('AOA', 'FR', '1 hour', '150.00', '2017-12-12 03:28:48'),
('AOA', 'GB', '', '150.00', '2017-12-12 03:28:48'),
('AOA', 'GG', '1 hour', '150.00', '2017-12-12 03:28:48'),
('AOA', 'HK', '1 hour', '150.00', '2017-12-12 03:28:48'),
('AOA', 'IE', '1 hour', '150.00', '2017-12-12 03:28:48'),
('AOA', 'IM', '1 hour', '150.00', '2017-12-12 03:28:48'),
('AOA', 'IT', '1 hour', '150.00', '2017-12-12 03:28:48'),
('AOA', 'JE', '1 hour', '150.00', '2017-12-12 03:28:48'),
('AOA', 'LR', '3 days', '150.00', '2017-12-12 03:28:48'),
('AOA', 'LU', '3 hours', '150.00', '2017-12-12 03:28:48'),
('AOA', 'MA', '', '150.00', '2017-12-12 03:28:48'),
('AOA', 'MT', '', '150.00', '2017-12-12 03:28:48'),
('AOA', 'NL', '', '150.00', '2017-12-12 03:28:48'),
('AOA', 'NO', '', '150.00', '2017-12-12 03:28:48'),
('AOA', 'NZ', '', '150.00', '2017-12-12 03:28:48'),
('AOA', 'PT', '', '150.00', '2017-12-12 03:28:48'),
('AOA', 'SE', '', '150.00', '2017-12-12 03:28:48'),
('AR', 'GB', '', '12.00', '2017-12-12 03:21:49'),
('AR', 'GG', '1 hour', '30.00', '2017-12-12 03:21:49'),
('AR', 'HK', '1 hour', '35.00', '2017-12-12 03:21:49'),
('AR', 'IE', '1 hour', '20.00', '2017-12-12 03:21:49'),
('AR', 'IM', '1 hour', '30.00', '2017-12-12 03:21:49'),
('AR', 'JE', '1 hour', '30.00', '2017-12-12 03:21:49'),
('AR', 'MT', '', '35.00', '2017-12-12 03:21:49'),
('AR', 'SE', '', '35.00', '2017-12-12 03:21:49'),
('ARP2', 'US', '', '35.00', '2017-12-12 03:21:49'),
('CA', 'AT', '2 hour', '142.00', '2017-12-12 03:21:49'),
('CA', 'AU', '2 hour', '142.00', '2017-12-12 03:21:49'),
('CA', 'BE', '2 hour', '142.00', '2017-12-12 03:21:49'),
('CA', 'BG', '2 hour', '142.00', '2017-12-12 03:21:49'),
('CA', 'CA', '2 hour', '142.00', '2017-12-12 03:21:49'),
('CA', 'CO', '2 hour', '142.00', '2017-12-12 03:21:49'),
('CA', 'CW', '2 hour', '142.00', '2017-12-12 03:21:49'),
('CA', 'CY', '2 hour', '142.00', '2017-12-12 03:21:49'),
('CA', 'CZ', '2 hour', '142.00', '2017-12-12 03:21:49'),
('CA', 'DE', '2 hour', '142.00', '2017-12-12 03:21:49'),
('CA', 'EE', '2 hour', '142.00', '2017-12-12 03:21:49'),
('CA', 'ES', '2 hour', '142.00', '2017-12-12 03:21:49'),
('CA', 'FI', '2 hour', '142.00', '2017-12-12 03:21:49'),
('CA', 'FR', '2 hour', '142.00', '2017-12-12 03:21:49'),
('CA', 'GB', '2 hour', '142.00', '2017-12-12 03:21:49'),
('CA', 'GG', '2 hour', '142.00', '2017-12-12 03:21:49'),
('CA', 'GI', '2 hour', '142.00', '2017-12-12 03:21:49'),
('CA', 'HK', '2 hour', '142.00', '2017-12-12 03:21:49'),
('CA', 'HU', '2 hour', '142.00', '2017-12-12 03:21:49'),
('CA', 'IE', '2 hour', '142.00', '2017-12-12 03:21:49'),
('CA', 'IM', '2 hour', '142.00', '2017-12-12 03:21:49'),
('CA', 'IN', '2 hour', '142.00', '2017-12-12 03:21:49'),
('CA', 'IT', '2 hour', '142.00', '2017-12-12 03:21:49'),
('CA', 'JE', '2 hour', '142.00', '2017-12-12 03:21:49'),
('CA', 'LT', '2 hour', '142.00', '2017-12-12 03:21:49'),
('CA', 'LU', '2 hour', '142.00', '2017-12-12 03:21:49'),
('CA', 'MT', '2 hour', '142.00', '2017-12-12 03:21:49'),
('CA', 'MU', '2 hour', '142.00', '2017-12-12 03:21:49'),
('CA', 'MY', '2 hour', '142.00', '2017-12-12 03:21:49'),
('CA', 'NL', '2 hour', '142.00', '2017-12-12 03:21:49'),
('CA', 'NO', '2 hour', '142.00', '2017-12-12 03:21:49'),
('CA', 'NZ', '2 hour', '142.00', '2017-12-12 03:21:49'),
('CA', 'PG', '2 hour', '142.00', '2017-12-12 03:21:49'),
('CA', 'PL', '2 hour', '142.00', '2017-12-12 03:21:49'),
('CA', 'PT', '2 hour', '142.00', '2017-12-12 03:21:49'),
('CA', 'SE', '2 hour', '142.00', '2017-12-12 03:21:49'),
('CA', 'SG', '2 hour', '142.00', '2017-12-12 03:21:49'),
('CA', 'SI', '2 hour', '142.00', '2017-12-12 03:21:49'),
('CA', 'TW', '2 hour', '142.00', '2017-12-12 03:21:49'),
('CA', 'US', '2 hour', '142.00', '2017-12-12 03:21:49'),
('CA', 'ZA', '2 hour', '142.00', '2017-12-12 03:21:49'),
('CC', 'NO', '', '35.00', '2017-12-12 03:21:49'),
('CCE', 'NO', '', '65.00', '2017-12-12 03:21:49'),
('CE', 'AT', '255 hour', '40.00', '2017-12-12 03:21:49'),
('CE', 'AU', '255 hour', '35.00', '2017-12-12 03:21:49'),
('CE', 'AW', '255 hour', '40.00', '2017-12-12 03:21:49'),
('CE', 'BG', '255 hour', '35.00', '2017-12-12 03:21:49'),
('CE', 'CH', '255 hour', '35.00', '2017-12-12 03:21:49'),
('CE', 'CW', '255 hour', '40.00', '2017-12-12 03:21:49'),
('CE', 'CZ', '255 hour', '35.00', '2017-12-12 03:21:49'),
('CE', 'DE', '255 hour', '35.00', '2017-12-12 03:21:49'),
('CE', 'DK', '255 hour', '35.00', '2017-12-12 03:21:49'),
('CE', 'EE', '255 hour', '35.00', '2017-12-12 03:21:49'),
('CE', 'ES', '255 hour', '35.00', '2017-12-12 03:21:49'),
('CE', 'FI', '255 hour', '35.00', '2017-12-12 03:21:49'),
('CE', 'FR', '255 hour', '35.00', '2017-12-12 03:21:49'),
('CE', 'HU', '255 hour', '35.00', '2017-12-12 03:21:49'),
('CE', 'IT', '255 hour', '35.00', '2017-12-12 03:21:49'),
('CE', 'LI', '255 hour', '40.00', '2017-12-12 03:21:49'),
('CE', 'LU', '255 hour', '35.00', '2017-12-12 03:21:49'),
('CE', 'MT', '255 hour', '35.00', '2017-12-12 03:21:49'),
('CE', 'NL', '255 hour', '35.00', '2017-12-12 03:21:49'),
('CE', 'NZ', '255 hour', '30.00', '2017-12-12 03:21:49'),
('CE', 'PG', '255 hour', '35.00', '2017-12-12 03:21:49'),
('CE', 'PL', '255 hour', '35.00', '2017-12-12 03:21:49'),
('CE', 'PT', '255 hour', '45.00', '2017-12-12 03:21:49'),
('CE', 'RO', '255 hour', '35.00', '2017-12-12 03:21:49'),
('CE', 'SI', '255 hour', '35.00', '2017-12-12 03:21:49'),
('CGS', 'BVI', '1 hour', '60.00', '2017-12-12 03:21:49'),
('CGS', 'JE', '1 hour', '45.00', '2017-12-12 03:21:49'),
('CGS', 'LR', '3 days', '150.00', '2017-12-12 03:21:49'),
('CGS', 'MY', '24 hours', '45.00', '2017-12-12 03:21:49'),
('CGS', 'PR', '', '45.00', '2017-12-12 03:21:49'),
('CGS', 'US', '', '45.00', '2017-12-12 03:21:49'),
('COI', 'AI', '', '20.00', '2017-12-12 03:29:37'),
('COI', 'AU', '', '20.00', '2017-12-12 03:29:37'),
('COI', 'BM', '', '20.00', '2017-12-12 03:29:37'),
('COI', 'BVI', '', '20.00', '2017-12-12 03:29:37'),
('COI', 'GB', '', '20.00', '2017-12-12 03:29:37'),
('COI', 'GG', '', '20.00', '2017-12-12 03:29:37'),
('COI', 'IE', '', '20.00', '2017-12-12 03:29:37'),
('COI', 'IM', '', '20.00', '2017-12-12 03:29:37'),
('COI', 'JE', '', '20.00', '2017-12-12 03:29:37'),
('COI', 'LR', '', '20.00', '2017-12-12 03:29:37'),
('COI', 'MY', '', '20.00', '2017-12-12 03:29:37'),
('COI', 'NZ', '', '20.00', '2017-12-12 03:29:37'),
('CON', 'AU', '3 hours', '35.00', '2017-12-12 03:21:49'),
('CON', 'CA', '24 hours', '45.00', '2017-12-12 03:21:49'),
('CON', 'CH', '', '35.00', '2017-12-12 03:21:49'),
('CON', 'DE', '1 hour', '35.00', '2017-12-12 03:21:49'),
('CON', 'EE', '1 hour', '35.00', '2017-12-12 03:21:49'),
('CON', 'ES', '', '35.00', '2017-12-12 03:21:49'),
('CON', 'FI', '1 hour', '35.00', '2017-12-12 03:21:49'),
('CON', 'FR', '1 hour', '35.00', '2017-12-12 03:21:49'),
('CON', 'GB', '', '12.00', '2017-12-12 03:21:49'),
('CON', 'HK', '1 hour', '35.00', '2017-12-12 03:21:49'),
('CON', 'IE', '1 hour', '20.00', '2017-12-12 03:21:49'),
('CON', 'IM', '1 hour', '30.00', '2017-12-12 03:21:49'),
('CON', 'IT', '1 hour', '35.00', '2017-12-12 03:21:49'),
('CON', 'JE', '1 hour', '30.00', '2017-12-12 03:21:49'),
('CON', 'LU', '3 hours', '35.00', '2017-12-12 03:21:49'),
('CON', 'MY', '24 hours', '35.00', '2017-12-12 03:21:49'),
('CON', 'NL', '', '35.00', '2017-12-12 03:21:49'),
('CON', 'NO', '', '45.00', '2017-12-12 03:21:49'),
('CON', 'NZ', '', '30.00', '2017-12-12 03:21:49'),
('CON', 'PG', '', '35.00', '2017-12-12 03:21:49'),
('CON', 'PT', '', '45.00', '2017-12-12 03:21:49'),
('CON', 'SE', '', '35.00', '2017-12-12 03:21:49'),
('CON', 'SI', '', '35.00', '2017-12-12 03:21:49'),
('COR', 'SE', '', '35.00', '2017-12-12 03:21:49'),
('CORE', 'SE', '', '45.00', '2017-12-12 03:21:49'),
('CP', 'AI', '3 days', '415.00', '2017-12-12 03:21:49'),
('CP', 'AR', '24 hours', '415.00', '2017-12-12 03:21:49'),
('CP', 'BAH', '24 hours', '415.00', '2017-12-12 03:21:49'),
('CP', 'BE', '3 hours', '415.00', '2017-12-12 03:21:49'),
('CP', 'BH', '3 hours', '415.00', '2017-12-12 03:21:49'),
('CP', 'BM', '3 hours', '415.00', '2017-12-12 03:21:49'),
('CP', 'BO', '24 hours', '415.00', '2017-12-12 03:21:49'),
('CP', 'BR', '24 hours', '415.00', '2017-12-12 03:21:49'),
('CP', 'BVI', '1 hour', '415.00', '2017-12-12 03:21:49'),
('CP', 'CA', '24 hours', '415.00', '2017-12-12 03:21:49'),
('CP', 'CL', '24 hours', '415.00', '2017-12-12 03:21:49'),
('CP', 'CN', '48 hours', '415.00', '2017-12-12 03:21:49'),
('CP', 'CO', '24 hours', '415.00', '2017-12-12 03:21:49'),
('CP', 'CR', '24 hours', '415.00', '2017-12-12 03:21:49'),
('CP', 'CY', '3 hours', '415.00', '2017-12-12 03:21:49'),
('CP', 'DE', '1 hour', '415.00', '2017-12-12 03:21:49'),
('CP', 'EC', '24 hours', '415.00', '2017-12-12 03:21:49'),
('CP', 'EE', '1 hour', '415.00', '2017-12-12 03:21:49'),
('CP', 'EG', '24 hours', '415.00', '2017-12-12 03:21:49'),
('CP', 'FI', '1 hour', '415.00', '2017-12-12 03:21:49'),
('CP', 'GB', '', '415.00', '2017-12-12 03:21:49'),
('CP', 'GG', '1 hour', '415.00', '2017-12-12 03:21:49'),
('CP', 'GI', '2 days', '415.00', '2017-12-12 03:21:49'),
('CP', 'GR', '3 hours', '415.00', '2017-12-12 03:21:49'),
('CP', 'GT', '24 hours', '415.00', '2017-12-12 03:21:49'),
('CP', 'HK', '1 hour', '415.00', '2017-12-12 03:21:49'),
('CP', 'HR', '1 hour', '415.00', '2017-12-12 03:21:49'),
('CP', 'ID', '24 hours', '415.00', '2017-12-12 03:21:49'),
('CP', 'IE', '1 hour', '415.00', '2017-12-12 03:21:49'),
('CP', 'IL', '3 hours', '415.00', '2017-12-12 03:21:49'),
('CP', 'IM', '1 hour', '415.00', '2017-12-12 03:21:49'),
('CP', 'IN', '3 hours', '415.00', '2017-12-12 03:21:49'),
('CP', 'IS', '1 hour', '415.00', '2017-12-12 03:21:49'),
('CP', 'JM', '1 hour', '415.00', '2017-12-12 03:21:49'),
('CP', 'KR', '', '415.00', '2017-12-12 03:21:49'),
('CP', 'KW', '3 hours', '415.00', '2017-12-12 03:21:49'),
('CP', 'KY', '1 hour', '415.00', '2017-12-12 03:21:49'),
('CP', 'KZ', '3 hours', '415.00', '2017-12-12 03:21:49'),
('CP', 'LT', '1 hour', '415.00', '2017-12-12 03:21:49'),
('CP', 'MA', '', '415.00', '2017-12-12 03:21:49'),
('CP', 'MC', '', '415.00', '2017-12-12 03:21:49'),
('CP', 'MH', '', '415.00', '2017-12-12 03:21:49'),
('CP', 'MT', '', '415.00', '2017-12-12 03:21:49'),
('CP', 'MU', '', '415.00', '2017-12-12 03:21:49'),
('CP', 'MX', '', '415.00', '2017-12-12 03:21:49'),
('CP', 'MY', '24 hours', '415.00', '2017-12-12 03:21:49'),
('CP', 'NL', '', '415.00', '2017-12-12 03:21:49'),
('CP', 'NZ', '', '415.00', '2017-12-12 03:21:49'),
('CP', 'OM', '', '415.00', '2017-12-12 03:21:49'),
('CP', 'PA', '', '415.00', '2017-12-12 03:21:49'),
('CP', 'PE', '', '415.00', '2017-12-12 03:21:49'),
('CP', 'PF', '24 hours', '415.00', '2017-12-12 03:21:49'),
('CP', 'PL', '', '415.00', '2017-12-12 03:21:49'),
('CP', 'PR', '', '415.00', '2017-12-12 03:21:49'),
('CP', 'QA', '', '415.00', '2017-12-12 03:21:49'),
('CP', 'RU', '', '415.00', '2017-12-12 03:21:49'),
('CP', 'SA', '', '415.00', '2017-12-12 03:21:49'),
('CP', 'SE', '', '415.00', '2017-12-12 03:21:49'),
('CP', 'SG', '', '415.00', '2017-12-12 03:21:49'),
('CP', 'SV', '24 hours', '415.00', '2017-12-12 03:21:49'),
('CP', 'TC', '', '415.00', '2017-12-12 03:21:49'),
('CP', 'TH', '', '415.00', '2017-12-12 03:21:49'),
('CP', 'TR', '', '415.00', '2017-12-12 03:21:49'),
('CP', 'TW', '', '415.00', '2017-12-12 03:21:49'),
('CP', 'US', '', '415.00', '2017-12-12 03:21:49'),
('CP', 'UY', '', '415.00', '2017-12-12 03:21:49'),
('CP', 'VN', '', '415.00', '2017-12-12 03:21:49'),
('CP', 'X1', '3 hours', '415.00', '2017-12-12 03:21:49'),
('CP', 'XAD', '3 hours', '415.00', '2017-12-12 03:21:49'),
('CP', 'ZA', '', '415.00', '2017-12-12 03:21:49'),
('CR', 'CO', '24 hours', '40.00', '2017-12-12 03:21:49'),
('CS', 'AU', '3 hours', '10.00', '2017-12-12 03:21:49'),
('CS', 'BB', '3 hours', '10.00', '2017-12-12 03:21:49'),
('CS', 'CA', '24 hours', '10.00', '2017-12-12 03:21:49'),
('CS', 'CZ', '3 hours', '10.00', '2017-12-12 03:21:49'),
('CS', 'DE', '1 hour', '10.00', '2017-12-12 03:21:49'),
('CS', 'EE', '1 hour', '10.00', '2017-12-12 03:21:49'),
('CS', 'FI', '1 hour', '10.00', '2017-12-12 03:21:49'),
('CS', 'FR', '1 hour', '10.00', '2017-12-12 03:21:49'),
('CS', 'GR', '3 hours', '10.00', '2017-12-12 03:21:49'),
('CS', 'HK', '1 hour', '10.00', '2017-12-12 03:21:49'),
('CS', 'IE', '1 hour', '10.00', '2017-12-12 03:21:49'),
('CS', 'JE', '1 hour', '10.00', '2017-12-12 03:21:49'),
('CS', 'LU', '3 hours', '10.00', '2017-12-12 03:21:49'),
('CS', 'MT', '', '10.00', '2017-12-12 03:21:49'),
('CS', 'NG', '', '10.00', '2017-12-12 03:21:49'),
('CS', 'PH', '', '10.00', '2017-12-12 03:21:49'),
('CS', 'SI', '', '10.00', '2017-12-12 03:21:49'),
('DHI', 'US', '', '50.00', '2017-12-12 03:21:49'),
('LP5', 'GB', '', '12.00', '2017-12-12 03:21:49'),
('LP6', 'GB', '', '12.00', '2017-12-12 03:21:49'),
('MA', 'CA', '24 hours', '35.00', '2017-12-12 03:21:49'),
('MAOA', 'BVI', '1 hour', '60.00', '2017-12-12 03:21:49'),
('REG', 'NO', '', '35.00', '2017-12-12 03:21:49'),
('SH', 'AT', '3 hour', '220.00', '2017-12-12 03:21:49'),
('SH', 'AU', '3 hour', '220.00', '2017-12-12 03:21:49'),
('SH', 'BE', '3 hour', '220.00', '2017-12-12 03:21:49'),
('SH', 'BG', '3 hour', '220.00', '2017-12-12 03:21:49'),
('SH', 'CW', '3 hour', '220.00', '2017-12-12 03:21:49'),
('SH', 'CZ', '3 hour', '220.00', '2017-12-12 03:21:49'),
('SH', 'DE', '3 hour', '220.00', '2017-12-12 03:21:49'),
('SH', 'EE', '3 hour', '220.00', '2017-12-12 03:21:49'),
('SH', 'ES', '3 hour', '220.00', '2017-12-12 03:21:49'),
('SH', 'FI', '3 hour', '220.00', '2017-12-12 03:21:49'),
('SH', 'FR', '3 hour', '220.00', '2017-12-12 03:21:49'),
('SH', 'GB', '3 hour', '220.00', '2017-12-12 03:21:49'),
('SH', 'GG', '3 hour', '220.00', '2017-12-12 03:21:49'),
('SH', 'GI', '3 hour', '220.00', '2017-12-12 03:21:49'),
('SH', 'HK', '3 hour', '220.00', '2017-12-12 03:21:49'),
('SH', 'HR', '3 hour', '220.00', '2017-12-12 03:21:49'),
('SH', 'HU', '3 hour', '220.00', '2017-12-12 03:21:49'),
('SH', 'IE', '3 hour', '220.00', '2017-12-12 03:21:49'),
('SH', 'IM', '3 hour', '220.00', '2017-12-12 03:21:49'),
('SH', 'IT', '3 hour', '220.00', '2017-12-12 03:21:49'),
('SH', 'JE', '3 hour', '220.00', '2017-12-12 03:21:49'),
('SH', 'LU', '3 hour', '220.00', '2017-12-12 03:21:49'),
('SH', 'MT', '3 hour', '220.00', '2017-12-12 03:21:49'),
('SH', 'MU', '3 hour', '220.00', '2017-12-12 03:21:49'),
('SH', 'MY', '3 hour', '220.00', '2017-12-12 03:21:49'),
('SH', 'NL', '3 hour', '220.00', '2017-12-12 03:21:49'),
('SH', 'NO', '3 hour', '220.00', '2017-12-12 03:21:49'),
('SH', 'NZ', '3 hour', '220.00', '2017-12-12 03:21:49'),
('SH', 'PG', '3 hour', '220.00', '2017-12-12 03:21:49'),
('SH', 'PL', '3 hour', '220.00', '2017-12-12 03:21:49'),
('SH', 'PT', '3 hour', '220.00', '2017-12-12 03:21:49'),
('SH', 'SE', '3 hour', '220.00', '2017-12-12 03:21:49'),
('SH', 'SG', '3 hour', '220.00', '2017-12-12 03:21:49'),
('SH', 'SI', '3 hour', '220.00', '2017-12-12 03:21:49'),
('SH', 'US', '3 hour', '220.00', '2017-12-12 03:21:49'),
('SH', 'ZA', '3 hour', '220.00', '2017-12-12 03:21:49');

--
-- Índices para tablas volcadas
--

--
-- Indices de la tabla `josed_countries`
--
ALTER TABLE `josed_countries`
  ADD PRIMARY KEY (`country_id`),
  ADD UNIQUE KEY `country_name` (`country_name`);

--
-- Indices de la tabla `josed_document_types`
--
ALTER TABLE `josed_document_types`
  ADD PRIMARY KEY (`document_type_id`),
  ADD UNIQUE KEY `document_type_name` (`document_type_name`);

--
-- Indices de la tabla `josed_document_types_by_country`
--
ALTER TABLE `josed_document_types_by_country`
  ADD PRIMARY KEY (`document_type_id`,`country_id`),
  ADD KEY `country_id` (`country_id`);

--
-- Restricciones para tablas volcadas
--

--
-- Filtros para la tabla `josed_document_types_by_country`
--
ALTER TABLE `josed_document_types_by_country`
  ADD CONSTRAINT `josed_document_types_by_country_ibfk_1` FOREIGN KEY (`document_type_id`) REFERENCES `josed_document_types` (`document_type_id`) ON DELETE CASCADE ON UPDATE CASCADE,
  ADD CONSTRAINT `josed_document_types_by_country_ibfk_2` FOREIGN KEY (`country_id`) REFERENCES `josed_countries` (`country_id`) ON DELETE CASCADE ON UPDATE CASCADE;
COMMIT;

/*!40101 SET CHARACTER_SET_CLIENT=@OLD_CHARACTER_SET_CLIENT */;
/*!40101 SET CHARACTER_SET_RESULTS=@OLD_CHARACTER_SET_RESULTS */;
/*!40101 SET COLLATION_CONNECTION=@OLD_COLLATION_CONNECTION */;
